IP 地址,已发?已接?丢包?平均延迟,下载速度 (MB/s),,,
132.226.234.141,4,4,0,134.48,19.42
152.70.94.107,4,4,0,131.31,16.34
158.180.89.73,4,4,0,299.46,10.16
158.180.65.126,4,4,0,352.32,9.21
158.180.65.145,4,4,0,283.34,7.72
141.147.147.180,4,4,0,382.65,6.9
144.24.90.107,4,4,0,301.48,6.79
155.248.187.211,4,4,0,346.82,6.77
158.101.141.78,4,4,0,365.63,6.6
168.138.162.187,4,4,0,183.86,6.45
144.24.73.232,4,4,0,284.15,6.27
217.142.128.252,4,4,0,137.85,5.82
217.142.138.20,4,4,0,131.17,5.5
140.238.23.148,4,4,0,140.08,5.13
